alpha,decay,num_topics,passes,loss
0,0.6654530121258153,21.0,15.0,-0.44513367677989785
0,0.5297741200884802,32.0,11.0,-0.4106932958515043
1,0.8411510259728938,38.0,29.0,-0.3925056024050654
1,0.9507521540243704,21.0,14.0,-0.37536879846060445
